npcname	req_word	req_itemid	req_enchantmentid	req_flag	req_flagvalue	not_flag	response	not_flagresponse	noreq_flagresponse	reward	reward_flag	reward_flagvalue
a_Wanderer	hail						I am lost in this city! Where am I?					
a_Wanderer	athyr						Athyr hmm? Sounds intruiging! Who lives here?!					
a_Wanderer	angel						Angels! I have never heard of such a race!					
a_Wanderer	arkon						Oh Arkon! He must be the city mayor i've heard so much about!					
a_Wanderer	asura						That is the right kind of question					
a_Wanderer	shitty						No i said City mayor!					
a_Wanderer	landing						Landing is a place far away that most people came from - it's kind of abandoned now though!					
a_Wanderer	python						Isn't he that big dragon! I hear he died but I'm not so sure myself!					
a_Wanderer	here						I was just travelling around and came across this place - I don't suppose you know the way to the great ocean trading company do you?					
a_Wanderer	no						That's too bad					
a_Wanderer	yes						Cool!					
Stonemason_Tim	hail						Eyup matey! Need some stone?! I got loads!					
Terry_Verso	hail						Ignore that tim fellow! You need some of my bricks!					
SirCronkington	hello						Feel like a sir!					
Sir_Holden	hail					50scholar	So you've arrived? I was wondering when you might turn up. My [associates] have been here waiting for contact from you for some time	Thank you again for all your hard work				
Sir_Holden	associates						Oh, you do not know who my associates are? Perhaps I have the wrong person.					
Sir_Holden	duneguard						Do not speak their name here - we wish to remain hidden from the presence of these newcomers. Now onto business, we have a specific [object] we need you to retrieve					
Sir_Holden	object						The object in question you will come to understand more about in the course of your [journey]. The first part of your quest will begin at Smugglers Den					
Sir_Holden	journey						Journey out to Smugglers Den and find our contact there. Identify yourself to him with the phrase 'They say it may rain tommorow'					
Frelga_Gyrn	hail					50scholar	What is with this weather huh?	I hear you found it! Great work!				
Frelga_Gyrn	rain						So you are the contact the guard has sent, excellent. Alas, i have not been able to aquire the artifact myself but you may have more [luck]					
Frelga_Gyrn	luck						From what I have discovered so far from the local taverns, a guard by the name Hokum once came across the Northern Star. Perhaps you could enquire more into that if you can find him					
Guard_Hokum	northern						What? No! I don't know anything about that or the princess now leave me alone!					
Guard_Hokum	hail						We will keep you safe behind these walls					
Guard_Hokum	princess						Look, if you don't leave me to my duties i'll be forced to escort you out of here, now go back to whoever sent you!					
Frelga_Gyrn	princess						Hmm, that's what Hokum said huh? Sounds unusual to me, you might want to talk to Sir Holden about it he might know more					
Sir_Holden	princess						Ah, yes. I think i know what the guard is refering to. You might want to find an old troll somewhere in those swamps who might know more about that					
Thrasna	princess						Das is the girl with the slimes Hhahahaha! She sads for what Traka did! Oh poor girl!					
Thrasna	hail						Mmmm good treats! Mes eats them and maybe eats you!					
Thrasna	traka						Traka powerful witch doctor in all lands! She make bestest potions! She make for Torid for her trinkley!					
Thrasna	trinkley						Trinkley! Her staff! I so shiny!					
Guard_Torid	hail						We keep watch so you may be safe, always					
Guard_Torid	traka						It wasn't me! I was just doing my job! The boss said I had to do what the man with the scar asked so I did! Please just leave me alone!					
Scar	traka						What?! What did you just say to me! Get out of here! You'll never get the key now go!					
Scar	hail						You wanna watch yourself or you'll be leaving here in a coffin					
Sir_Holden		lockboxkey					What is this? Where did you get this! Take this away from me at once you idiot! I don't want to be seen with it! I don't want anyone to even think i've been anywhere near that snake pyramid!			142		
Sarrukh_(Ghost)	hail						The torment! The torment I have endured! I must be released from this place!					
Sarrukh_(Ghost)		lockboxkey					The key! You have freed me from that trolls chains! Finally I can rest!			144		
Thrasna		afadednote					Yesh!! This is what they dids! They took the serpent spirit and took hold of Hokum to kill the King! This is your proofs of what happened to him!			144		
King_Lucius	hail						Welcome to Borinar! The bastion of the northlands keeping all our people safe					
Guard_Hokum		afadednote					Oh no... oh no! Look it wasn't me! At least it wasn't me that I remember! It was that damn witch doctor! Please you have to believe me! 			144		
Traka	hail						On a trail our hero be and many deceipts they shall see					
Traka		afadednote					Far beyond and on the myconid coast our hero finds the one whos heart does hurt the most - An attack most unkind, a signet you will find. Revelations you will see when you return back to me					
Traka		crownsignet					So found you have the daughter of the king! Who's story in this the most sadness does bring. For the Redshields did plot and then after a time. They purchased a magical and mighty potion of mine. An innocent they found, possessed and without will. They unleashed their plot and on went the kill! In to the Kings drink he slipped my dark potion. And in front of them all there was much commotion. The King that once strong and within his prime. Screamed in torment as he burst into huge dark green slime. With a document forged of a kings list of official to-do. They sneakily proved the king was involved in dark voodoo. As they arrested the royal family and searched for a new lord. The empire was attacked by a evil goblin hoard. Without a strong leader the empire fell apart. But little did they know it was doomed from the start. It was then that the insidious man did come along. Lucius Redshield was he and promised to lead them strong. For ages the Kings daughter rotted away in a cell. Until luck one day on her befell. Her escape was narrow and many left her behind. But through rusted bars and a broken cavern she climbed. A new life she started but spends much on the coast.  With the memories of those she loved will always love the most			146		
King_Lucius		storyofselorian				50scholar	Hah! Who are you to accuse me! King Lucius Redshield III!	You again! Please, don't hurt me!		146		
Guard_Hokum		storyofselorian				50scholar	I cannot believe it! I feel so ashamed! I am a traitor! We must get vengeance! We must kill the king!	I know I can never take back what I did but at least we gave him a good beating in honour of the old king!			50scholarpre	
Sir_Holden		keytoplaneofair		50scholarpre		50scholar	I knew you could do it! The Duneguard is forever in your debt! Please, take this as a payment for everything you have done!	Thank you again for all your hard work	I appreciate your efforts! But there is one more thing you should do before we conclude our business	143	50scholar	
King_Lucius		crownsignet					Where did you find this! Impossible she cannot be alive! That troll betrayed me!			145		
Guard_Hokum		crownsignet					What's this? I don't want it!			145		
Guard_Torid		crownsignet					What's this? I don't want it!			145		
Notch	hail						No this isn't right, this isn't right at all...					
Thrasna		crownsignet					This for me to eats? Me no want it look not tasty			145		
Disark_Scaleborn	hail						Welcome to Chel'Duran capital of the Half Dragons and home to Aeix Votan, our mighty ruler.					
Disark_Scaleborn	votan						The Votan Kingship has been in place since Summus Rex Votan our first ruler after our people were freed from the clutches of Python					
Disark_Scaleborn	python						Python was a storm dragon and much to our disilke, our creator. He used us as pawns in his schemes to dominate the dragon homeland of Volum Vaton but he failed thanks to Asag and Sigurd					
Disark_Scaleborn	asag						Asag was an ancient dragon that freed our people and saved Volum Vaton, the capital of the dragons on the lands of Kumari					
Disark_Scaleborn	kumari						Kumari was a continent that was destroyed by Hiran Asura					
Disark_Scaleborn	sigurd						Sigurd was a human mythological hero who travelled all over the world completing quests for ancient long lost dieties. He has defeated Python twice and has recently returned from ages past to aid us in our quest. It is said Sigurds power lies in a gift given to him by the gods that we simply know as Aegis					
Disark_Scaleborn	aegis						The Aegis is believed to be a powerful shield granted to those heroes on the whim of the Gods. Sigurd is believed to be the only hero who has wielded this weapon					
Sigurd	hail						Stay strong my friend, after all we have been through I am sure we can also save the Planes					
Sigurd	planes						The Planes of the Gods, like the vision said					
Sigurd	vision						You did not experience it? Many have - they had dreams of 4 artifacts that would lead them to four elemental planes, Earth, Fire, Wind and Water					
Sigurd	earth						The Plane of Earth is the domain of the Goddess of Earth, Gias					
Sigurd	fire						The Plane of Fire is the realm of Ingorir, the God of Fire					
Sigurd	water						The Plane of Water is the home of Manandu, the Goddess of Water					
Sigurd	air						The Plane of Air is the realm of Zephyr, Goddess of the Wind					
Sigurd	zephyr						Zephyr is known as the Dead God, Lost God and Goddess of the Wind, she was the lover of Ashoka but was murdered by the God of Hatred and Jelousy, Deuzulus					
Sigurd	ashoka						Ashoka was the lover of Zephyr and the son of Valhas and Tisroeh and is the former God of Peace. However, due to the brutal murder of Zephyr at the hand of Deuzulus he has become the god of suffering					
Sigurd	deuzulus						Deuzulus is the God of hate and jealousy and is the son of Ingorir and Lunarine. He is most known for his murder of Zephyr, the Goddess of the Wind in cold blood to spite Ashoka					
Sigurd	ingorir						Ingorir is the God of Fire, lover of Lunarine and father of Deuzulus					
Sigurd	manandu						Manandu is the Goddess of Water and ruler of the Plane of Water					
Sigurd	gias						Gias is the Goddess of Earth and ruler of the Plane of Earth. It was on my travels that I first came across Gias and was granted The Aegis					
Sigurd	lunarine						Lunarine is the Goddess of Strategy and Conquest and lover of Ingorir the God of Fire. They bore a son named Deuzulus who became the God of Hatred and Jealousy					
Sigurd	aegis						The Aegis was a shield granted to me by Gias, the Goddess who rules over the Plane of Earth. Many trials did I face to aquire this gift and with it I was able to vanquish many evils from Solinia					
Sigurd	trials						That is a long story and something you may hear from me in time.					
Sigurd	shield						The shield is now shattered and long since lost. It served it's purpose but I fear it may never be reformed. Unless, well, hmm.  No I don't think even that mighty mage would know.					
Sigurd	dream						You did not experience it? Many have - they had dreams of 4 artifacts that would lead them to four elemental planes, Earth, Fire, Wind and Water					
Sigurd	artifact						4 artifacts, each from the planes we seek to access. The Trident is the first of them, which we have already aquired.					
Sigurd	trident						The Trident was granted to us by an strange faun like creature.					
Sigurd	faun						I do not know his identity but fauns are usually identified with nature					
Sigurd	evil						That is a long story and something you may hear from me in time.					
Guard_Relia	hail						Wow, you're finally leaving the Krithgor Guard huh? It's not going to be the same without you! Take care out there ok?					
Guard_Relia	krithgor						Krithgor has stood over this area of landing for some time now, we defend the local traders and people travelling from the various racial cities. Most of the time our job is to act as intermediaries between the racial cities who may sometimes be at war with each other. But you know that right?					
Taliesin	hail						The libraries in Arcadin will make an excellent place to begin our research of the Planes					
Taliesin	plane						The Planes of the Gods, the place where the remaining gods are					
Taliesin	god						Four gods, each with a plane to rule over - Earth Fire Wind and Water					
Taliesin	sigurd						Sigurd, how is he? I hear he is spending his time in Borinar assisting with our search of the artifacts					
Taliesin	artifacts						The artifacts spoken of in the vision that will allow us to enter the planes					
Taliesin	vision						The vision is a dream we have all been experiencing that has shown our next path to the Planes of the Gods					
Taliesin	aegis						The Aegis, yes I have heard a little of it. From what I remember it was shattered among Kumari after the first attacks on Kumari by Python. The Half Dragons had located it centuries later and it eventually made it's way into the libraries of Northreach. Fortunately the mages of Northreach were able to bring the remnants of it with us when Kumari sank into the ocean					
Taliesin	kumari						Kumari was a continent of Solinia where the Half Dragons, Dragons lived as well as being the entrance to The Under, an subterranian area of Solinia. Sadly it has since sunk into the ocean following the events with Hiran Asura					
Taliesin	asura						Hiran Asura is the greatest threat Solinia has known. It is believed he was once a Tinai, an older type of Angel that made a deal with a dark god to get vengeance for the death of his brother. He has since been a scurge of all life on Solinia and was responsible for the Cataclysm					
Taliesin	cataclysm						The cataclysm was a major extinction event centuries ago that annihilated all surface life on Solinia. It is said it was Hiran's battles with the Gods that caused this					
Taliesin	tinai						The Tinai are the oldest form of Angel we know, they worship Methabeht exclusively					
Taliesin	dragon						The Dragons and Half Dragons have a long history on the lost continent of Kumari					
Taliesin	northreach						Northreach was a city that held the old empire, it has since fallen and been lost to the oceans					
Taliesin	you						I am Taliesin, a bard of sorts					
Taliesin	python						Python was a storm dragon and creator of the Half Dragons. He used them as pawns in his schemes to dominate the dragon homeland of Volum Vaton but he failed thanks to Asag and Sigurd. Years later he succeeded in destroying Kumari by releasing an ancient evil from the Tomb of Hiran Asura					
Scholar_Blera	hail						Will you tell that bafoon, Siani that his theories are absolute twaddle? I have spent years of research on this artifact and I can assure him it is not the cause of our problems					
Scholar_Rork	hail						It's not very easy to work on this artifact with the constant bickering of my two colleagues.					
Scholar_Siani	hail						I am certain this is causing the unusually strong creatures that inhabit the Belrok. I have taken measurements of the aura this artifact gives, calculated it's trajectory and that no good Blera won't even entertain it. I shall prove him wrong, you'll see! 					
Scholar_Siani	twaddle						You've been speaking with him haven't you! What a dolt! I don't know where he got his license to practice magic					
Gimil	hail						Welcome to the Trident! I'm Gimil, the new propertier. If you need anything just give me a shout ok?					
Gimil	rumour						I hear all sorts of rumours things about long lost pyramids, crazy stone golems and even a magic cat, maybe you could be more specific?					
Gimil	golem						All the way over in arcadin! Apparently some mages lost control of their pets - that's what you get with dabbling with magic!					
Gimil	cat						Apparently there's a magic cat at Krithgor! I dunno if it's true but apparently it can walk through walls!					
Gimil	pyramid						Oh yeah I heard something about a weird old pyramid and a giant snake statue under the old landing facility - apparently they accidentally dug into it in the medic quarters. Wonder how long it's been down there!					
Gimil	landing						Landing is actually the first place we arrived on this set of islands - it's mostly abandoned now except maybe a few guards and the occasional travelling hero					
Guard_T'Vel	hail						Welcome to Caerthiel, home of the High Elves					
Guard_L'Rei	hail						Welcome to Caerthiel, home of the High Elves					
Tobias_Y'Ras	hail						Please, take a seat and check my goods! You won't find finer steel this side of Solinia					
Jia_Leafrunner	hail						Hey! Come get some arrows! Freshly made and all the way from Tal'Thia					
HIzzik_Ssiria	hail						SSssandstone for sssale all the way from Shissir					
Jia_Leafrunner	tal'thia						Tal'Thia, you know! The home of the Wood Elves!					
HIzzik_Ssiria	shissir						Shissir, the city in the ssand home to the lizardssss like myssself					
Banker_H'Rel	hail						Welcome to the Caerthiel Vault. Are you interested in a loan or a savings account?					
Guard_E'Mer	hail						Welcome to Caerthiel, home of the High Elves					
Ned_Brambletoe	hail						Eyup mate!! You need some food? I just brought some fresh bread from Silvervale!					
Ned_Brambletoe	silvervale						Silvervale! The home of the good hearted hobbits, like myself!					
Alzebar_Firus	hail						If you're here for Arcadin's premier magic school you should turn back now! The place is overrun with golems and monsters! 					
Sid	hail						Welcome to the TT, what can I get you?					
Sid		recruitnote					I see, well you best go show this to Fenrif, you can find him upstairs			151		
Fenrif	hail						You need anything?					
Fenrif	sid						Sid's the propertier, why do you ask?					
Fenrif		recruitnote					So you're the guy we sent to retrieve the stone from Belrok huh? Nice job, although I was sure they said you were 5 foot. So anyway, you've proven yourself and I guess that means you've been formally invited into our order. You should know by now what happens to those that betray us. Before I can start giving you new assignments, you need to go through the trial of fire. It's something all rookies do and it's mostly ceremonial from the old days but we like to keep up tradition. Head out to the temple of fire and best the Avatar of Flame and see if you can master fire like all your predecessors have.					
Fenrif	temple						The Temple is where it's always been, at the mouth of the Plane of Fire - right under their noses! They didn't even know we had their own workers uncover it for us, the fools.					
Avatar_of_Fire	hail						You seek an audience with Ingorir the Flame Lord. All must be cleansed by the flames and the key presented before you may pass into the realm of everlasting fire and into the grace of The Purifier					
Mage_Grint	hail						Get away! You will not stop me! I have defeated the avatar and I will be the first to complete the trials!					
Mage_Grint	avatar						The Avatar of Earth which was summoned here after the golems went bezerk!					
Mage_Grint	trials						No! No! Only I will defeat the trials, you will never take it!					
Taliesin		achargedstone					So, it is true, the realm of earth still has a master. Hiran has not yet breached that then. You should show this to Sigurd, he may help you more			150		
Sigurd		achargedstone					I see Gias has granted you her trials - then perhaps the Aegis can be reconstructed - go now, seek the other 3 elements and gain her favour - the trials are the key to your quest			150		